province;red;green;blue;x;x
1;183;214;241;x;x
2;199;193;245;x;x
3;217;215;234;x;x
4;178;186;187;x;x
5;246;77;244;x;x
6;249;181;153;x;x
7;128;248;172;x;x
8;250;62;200;x;x
9;245;100;235;x;x
10;179;145;204;x;x
11;239;253;159;x;x
12;250;237;205;x;x
13;172;252;194;x;x
14;211;185;181;x;x
15;166;155;180;x;x
16;208;205;156;x;x
17;201;208;231;x;x
18;246;178;95;x;x
19;235;100;228;x;x
20;208;222;132;x;x
21;246;187;204;x;x
22;171;198;235;x;x
23;219;248;56;x;x
24;204;135;179;x;x
25;206;63;239;x;x
26;215;239;134;x;x
27;222;247;122;x;x
28;194;245;210;x;x
29;142;224;198;x;x
30;245;226;201;x;x
31;221;238;82;x;x
32;90;226;252;x;x
33;214;183;153;x;x
34;80;185;251;x;x
35;112;246;184;x;x
36;165;201;254;x;x
37;234;122;218;x;x
38;235;193;198;x;x
39;96;245;171;x;x
40;253;159;214;x;x
41;186;199;239;x;x
42;173;248;96;x;x
43;138;144;247;x;x
44;230;235;102;x;x
45;189;223;123;x;x
46;230;200;102;x;x
47;204;178;226;x;x
48;235;190;151;x;x
49;249;210;60;x;x
50;247;197;234;x;x
51;161;239;193;x;x
52;176;178;212;x;x
53;122;228;213;x;x
54;190;99;227;x;x
55;192;195;137;x;x
56;217;107;188;x;x
57;88;216;249;x;x
58;169;175;190;x;x
59;147;180;233;x;x
60;196;160;215;x;x
61;156;226;123;x;x
62;190;128;196;x;x
63;210;226;108;x;x
64;126;212;252;x;x
65;217;241;93;x;x
66;125;233;234;x;x
67;238;211;91;x;x
68;94;213;210;x;x
69;227;157;120;x;x
70;242;197;164;x;x
71;234;229;253;x;x
72;239;163;197;x;x
73;227;184;236;x;x
74;197;203;223;x;x
75;210;166;183;x;x
76;231;247;237;x;x
77;235;142;190;x;x
78;220;203;200;x;x
79;157;243;193;x;x
80;89;252;249;x;x
81;248;230;82;x;x
82;118;194;241;x;x
83;232;232;136;x;x
84;81;240;250;x;x
85;232;192;81;x;x
86;229;204;124;x;x
87;155;148;242;x;x
88;156;100;250;x;x
89;232;125;179;x;x
90;233;226;148;x;x
91;218;209;152;x;x
92;151;232;186;x;x
93;162;250;159;x;x
94;228;161;195;x;x
95;188;245;162;x;x
96;231;120;248;x;x
97;174;210;171;x;x
98;214;187;199;x;x
99;246;84;243;x;x
100;129;243;222;x;x
101;201;219;140;x;x
102;124;222;253;x;x
103;166;133;205;x;x
104;142;243;133;x;x
105;216;106;229;x;x
106;203;243;177;x;x
107;161;179;188;x;x
108;204;191;119;x;x
109;99;205;252;x;x
110;192;227;103;x;x
111;251;58;249;x;x
112;248;184;125;x;x
113;208;231;147;x;x
114;211;85;225;x;x
115;144;221;235;x;x
116;109;195;211;x;x
117;236;233;141;x;x
118;247;165;187;x;x
119;219;190;192;x;x
120;248;185;232;x;x
121;168;155;232;x;x
122;181;111;235;x;x
123;253;58;246;x;x
124;120;197;227;x;x
125;106;229;186;x;x
126;244;241;151;x;x
127;238;237;244;x;x
128;243;64;234;x;x
129;225;61;239;x;x
130;207;192;163;x;x
131;250;227;190;x;x
132;236;63;224;x;x
133;206;240;154;x;x
134;154;251;164;x;x
135;232;121;248;x;x
136;237;163;189;x;x
137;74;217;232;x;x
138;172;172;189;x;x
139;225;110;221;x;x
140;239;172;223;x;x
141;149;180;236;x;x
142;207;173;213;x;x
143;185;224;153;x;x
144;86;202;252;x;x
145;229;179;232;x;x
146;223;90;219;x;x
147;233;175;106;x;x
148;179;176;219;x;x
149;157;161;215;x;x
150;184;196;150;x;x
151;179;199;163;x;x
152;199;126;253;x;x
153;217;237;249;x;x
154;219;238;188;x;x
155;118;182;201;x;x
156;222;249;234;x;x
157;223;54;246;x;x
158;230;175;105;x;x
159;206;215;160;x;x
160;83;236;250;x;x
161;174;161;236;x;x
162;206;185;177;x;x
163;244;223;127;x;x
164;192;197;209;x;x
165;248;194;190;x;x
166;166;157;224;x;x
167;154;219;140;x;x
168;239;192;179;x;x
169;240;165;109;x;x
170;250;206;125;x;x
171;136;230;250;x;x
172;247;238;174;x;x
173;201;65;252;x;x
174;247;240;142;x;x
175;251;179;181;x;x
176;104;217;185;x;x
177;199;241;130;x;x
178;112;214;233;x;x
179;216;236;81;x;x
180;193;161;164;x;x
181;218;242;175;x;x
182;241;203;182;x;x
183;158;154;196;x;x
184;139;173;214;x;x
185;233;181;135;x;x
186;240;72;231;x;x
187;216;233;190;x;x
188;199;123;224;x;x
189;163;117;229;x;x
190;246;184;224;x;x
191;208;129;247;x;x
192;210;220;160;x;x
193;231;192;216;x;x
194;85;234;243;x;x
195;231;234;67;x;x
196;134;248;135;x;x
197;236;151;140;x;x
198;91;189;221;x;x
199;247;153;121;x;x
200;235;101;182;x;x
201;127;235;230;x;x
202;229;233;180;x;x
203;154;155;202;x;x
204;159;215;152;x;x
205;248;45;217;x;x
206;245;34;234;x;x
207;251;96;161;x;x
208;184;186;213;x;x
209;133;244;247;x;x
210;195;220;143;x;x
211;234;166;225;x;x
212;210;222;153;x;x
213;183;196;213;x;x
214;218;164;162;x;x
215;199;234;79;x;x
216;225;245;158;x;x
217;204;211;177;x;x
218;197;149;239;x;x
219;238;198;75;x;x
220;207;62;249;x;x
221;194;64;251;x;x
222;208;137;174;x;x
223;245;229;124;x;x
224;199;161;147;x;x
225;44;238;239;x;x
226;199;234;77;x;x
227;253;147;103;x;x
228;237;41;231;x;x
229;103;186;213;x;x
230;214;133;250;x;x
231;197;69;237;x;x
232;208;144;156;x;x
233;246;214;85;x;x
234;136;156;224;x;x
235;182;168;239;x;x
236;243;242;91;x;x
237;71;254;243;x;x
238;180;226;157;x;x
239;141;239;229;x;x
240;191;220;237;x;x
241;225;226;153;x;x
242;235;55;223;x;x
243;240;191;201;x;x
244;250;244;245;x;x
245;167;230;214;x;x
246;178;229;111;x;x
247;117;253;223;x;x
248;145;182;211;x;x
249;158;249;181;x;x
250;194;97;254;x;x
251;156;208;194;x;x
252;68;254;252;x;x
253;242;163;174;x;x
254;115;156;232;x;x
255;55;240;236;x;x
256;232;231;116;x;x
257;236;132;145;x;x
258;174;196;219;x;x
259;170;157;234;x;x
260;95;233;197;x;x
261;234;146;228;x;x
262;34;251;254;x;x
263;253;215;246;x;x
264;150;238;232;x;x
265;179;192;139;x;x
266;226;221;200;x;x
267;207;173;182;x;x
268;190;220;135;x;x
269;145;157;246;x;x
270;164;219;126;x;x
271;248;254;193;x;x
272;230;46;227;x;x
273;177;175;185;x;x
274;191;129;233;x;x
275;253;246;197;x;x
276;240;158;212;x;x
277;222;110;182;x;x
278;215;180;117;x;x
279;243;53;238;x;x
280;251;236;118;x;x
281;239;115;180;x;x
282;74;245;182;x;x
283;246;138;190;x;x
284;104;212;212;x;x
285;173;191;246;x;x
286;159;221;198;x;x
287;222;201;99;x;x
288;227;203;111;x;x
289;252;101;187;x;x
290;205;219;160;x;x
291;144;206;204;x;x
292;171;253;159;x;x
293;163;247;150;x;x
294;248;209;52;x;x
295;244;174;217;x;x
296;183;238;190;x;x
297;236;170;243;x;x
298;184;247;206;x;x
299;139;186;220;x;x
300;253;215;63;x;x
301;236;177;105;x;x
302;253;242;158;x;x
303;145;147;222;x;x
304;144;169;202;x;x
305;139;221;221;x;x
306;103;252;253;x;x
307;202;100;241;x;x
308;138;201;236;x;x
309;221;224;118;x;x
310;244;87;251;x;x
311;200;226;113;x;x
312;249;224;91;x;x
313;219;80;250;x;x
314;253;43;212;x;x
315;251;89;177;x;x
316;234;206;142;x;x
317;241;153;184;x;x
318;191;178;138;x;x
319;211;119;248;x;x
320;251;221;29;x;x
321;203;200;122;x;x
322;245;135;130;x;x
323;217;150;214;x;x
324;146;214;216;x;x
325;238;123;191;x;x
326;250;223;235;x;x
327;248;230;28;x;x
328;71;244;211;x;x
329;185;206;223;x;x
330;201;215;93;x;x
331;227;160;121;x;x
332;253;211;221;x;x
333;147;185;205;x;x
334;219;114;242;x;x
335;205;165;252;x;x
336;234;205;196;x;x
337;187;228;129;x;x
338;84;240;240;x;x
339;157;221;127;x;x
340;205;147;249;x;x
341;232;161;244;x;x
342;180;196;176;x;x
343;145;229;231;x;x
344;177;161;206;x;x
345;248;150;221;x;x
346;154;246;166;x;x
347;108;210;224;x;x
348;246;245;28;x;x
349;248;147;200;x;x
350;237;142;141;x;x
351;139;191;214;x;x
352;198;245;92;x;x
353;82;196;247;x;x
354;239;70;218;x;x
355;37;243;236;x;x
356;232;207;99;x;x
357;233;129;153;x;x
358;252;234;182;x;x
359;218;139;231;x;x
360;254;210;149;x;x
361;135;236;254;x;x
362;198;211;123;x;x
363;126;242;136;x;x
364;156;150;244;x;x
365;85;246;228;x;x
366;76;233;212;x;x
367;185;198;198;x;x
368;229;200;171;x;x
369;196;233;170;x;x
370;162;249;152;x;x
371;119;208;209;x;x
372;125;253;222;x;x
373;217;185;194;x;x
374;200;94;244;x;x
375;195;210;239;x;x
376;188;167;148;x;x
377;139;198;183;x;x
378;226;62;242;x;x
379;228;168;144;x;x
380;251;201;175;x;x
381;173;246;101;x;x
382;107;245;149;x;x
383;207;227;96;x;x
384;253;123;207;x;x
385;203;254;46;x;x
386;185;175;157;x;x
387;171;247;180;x;x
388;130;253;252;x;x
389;170;194;165;x;x
390;209;247;106;x;x
391;159;237;181;x;x
392;96;211;247;x;x
393;243;143;152;x;x
394;122;244;206;x;x
395;97;246;180;x;x
396;224;231;122;x;x
397;94;241;240;x;x
398;152;176;207;x;x
399;214;106;195;x;x
400;223;135;229;x;x
401;171;117;232;x;x
402;107;248;226;x;x
403;215;163;192;x;x
404;218;113;216;x;x
405;223;97;236;x;x
406;235;232;157;x;x
407;201;166;170;x;x
408;134;166;209;x;x
409;191;193;221;x;x
410;227;248;205;x;x
411;205;180;122;x;x
412;253;245;239;x;x
413;202;170;253;x;x
414;182;162;174;x;x
415;227;244;168;x;x
416;110;233;194;x;x
417;185;161;218;x;x
418;212;200;244;x;x
419;235;172;123;x;x
420;252;166;173;x;x
421;231;157;223;x;x
422;181;241;246;x;x
423;212;194;152;x;x
424;151;211;155;x;x
425;112;236;192;x;x
426;173;164;236;x;x
427;227;72;205;x;x
428;89;202;234;x;x
429;206;175;234;x;x
430;72;220;218;x;x
431;179;167;250;x;x
432;238;200;216;x;x
433;174;215;154;x;x
434;190;187;239;x;x
435;225;98;198;x;x
436;211;188;202;x;x
437;125;233;150;x;x
438;198;132;241;x;x
439;217;221;140;x;x
440;182;242;215;x;x
441;136;185;236;x;x
442;182;227;171;x;x
443;222;219;186;x;x
444;231;164;236;x;x
445;178;171;222;x;x
446;207;171;175;x;x
447;193;136;185;x;x
448;211;181;115;x;x
449;125;205;252;x;x
450;207;249;150;x;x
451;190;248;202;x;x
452;199;181;164;x;x
453;254;248;223;x;x
454;171;165;250;x;x
455;223;184;174;x;x
456;176;225;144;x;x
457;212;242;150;x;x
458;215;235;133;x;x
459;131;225;223;x;x
460;235;140;133;x;x
461;237;47;233;x;x
462;247;195;237;x;x
463;213;179;138;x;x
464;108;218;179;x;x
465;212;220;71;x;x
466;134;205;209;x;x
467;237;187;152;x;x
468;229;172;238;x;x
469;177;227;116;x;x
470;253;141;219;x;x
471;250;158;232;x;x
472;221;162;195;x;x
473;249;208;175;x;x
474;72;232;223;x;x
475;251;153;124;x;x
476;221;251;173;x;x
477;193;208;181;x;x
478;185;159;237;x;x
479;252;194;65;x;x
480;211;78;246;x;x
481;184;204;158;x;x
482;137;207;186;x;x
483;163;144;242;x;x
484;241;245;21;x;x
485;143;205;158;x;x
486;214;169;252;x;x
487;162;165;215;x;x
488;204;175;254;x;x
489;185;190;137;x;x
490;159;239;190;x;x
491;200;211;253;x;x
492;248;86;187;x;x
493;142;186;214;x;x
494;42;247;217;x;x
495;248;136;135;x;x
496;249;202;189;x;x
497;181;185;173;x;x
498;75;215;231;x;x
499;243;194;96;x;x
500;189;130;237;x;x
501;253;109;150;x;x
502;246;175;159;x;x
503;202;245;116;x;x
504;180;230;150;x;x
505;93;246;198;x;x
506;244;138;178;x;x
507;145;131;229;x;x
508;143;210;229;x;x
509;198;246;240;x;x
510;206;249;186;x;x
511;117;239;224;x;x
512;233;224;132;x;x
513;44;233;250;x;x
514;145;232;156;x;x
515;213;253;124;x;x
516;249;226;235;x;x
517;241;118;223;x;x
518;189;159;165;x;x
519;187;148;219;x;x
520;190;108;203;x;x
521;151;226;189;x;x
522;95;227;240;x;x
523;139;254;244;x;x
524;172;215;150;x;x
525;214;117;186;x;x
526;225;242;101;x;x
527;168;241;143;x;x
528;195;127;247;x;x
529;70;222;241;x;x
530;243;232;253;x;x
531;248;154;166;x;x
532;247;239;233;x;x
533;84;196;238;x;x
534;123;238;195;x;x
535;226;161;142;x;x
536;142;254;211;x;x
537;203;99;225;x;x
538;210;238;120;x;x
539;238;108;188;x;x
540;147;128;232;x;x
541;210;82;244;x;x
542;231;150;195;x;x
543;254;241;28;x;x
544;216;196;109;x;x
545;244;92;190;x;x
546;108;197;247;x;x
547;208;175;177;x;x
548;186;210;159;x;x
549;240;253;171;x;x
550;236;163;196;x;x
551;242;158;202;x;x
552;156;182;241;x;x
553;85;240;216;x;x
554;200;148;186;x;x
555;199;179;152;x;x
556;194;176;198;x;x
557;128;153;237;x;x
558;232;110;238;x;x
559;183;177;241;x;x
560;219;225;210;x;x
561;65;224;246;x;x
562;234;180;100;x;x
563;161;174;248;x;x
564;207;193;115;x;x
565;230;238;130;x;x
566;204;174;157;x;x
567;99;226;184;x;x
568;235;252;162;x;x
569;234;130;232;x;x
570;234;113;166;x;x
571;96;226;193;x;x
572;129;222;180;x;x
573;68;246;189;x;x
574;229;166;130;x;x
575;128;245;191;x;x
576;161;220;167;x;x
577;155;218;134;x;x
578;168;205;240;x;x
579;124;244;193;x;x
580;174;192;206;x;x
581;142;243;179;x;x
582;204;133;176;x;x
583;116;175;235;x;x
584;227;111;198;x;x
585;249;109;146;x;x
586;227;74;212;x;x
587;158;171;196;x;x
588;233;249;84;x;x
589;102;242;181;x;x
590;244;168;114;x;x
591;141;164;216;x;x
592;212;151;218;x;x
593;148;149;211;x;x
594;208;168;125;x;x
595;231;135;155;x;x
596;209;240;164;x;x
597;237;155;160;x;x
598;202;243;151;x;x
599;175;233;176;x;x
600;153;176;209;x;x
601;113;213;238;x;x
602;119;240;153;x;x
603;251;96;170;x;x
604;219;216;130;x;x
605;242;102;181;x;x
606;235;241;97;x;x
607;114;228;247;x;x
608;236;247;241;x;x
609;239;251;155;x;x
610;242;104;240;x;x
611;240;188;193;x;x
612;194;233;89;x;x
613;147;178;199;x;x
614;81;223;199;x;x
615;212;252;67;x;x
616;177;193;164;x;x
617;199;106;225;x;x
618;200;95;239;x;x
619;108;252;173;x;x
620;170;178;190;x;x
621;180;115;232;x;x
622;217;232;198;x;x
623;167;230;179;x;x
624;225;254;147;x;x
625;161;224;137;x;x
626;102;215;197;x;x
627;248;227;155;x;x
628;152;227;201;x;x
629;253;87;215;x;x
630;214;116;206;x;x
631;148;201;254;x;x
632;204;176;208;x;x
633;236;208;141;x;x
634;244;187;169;x;x
635;167;244;250;x;x
636;183;234;169;x;x
637;224;155;231;x;x
638;154;108;253;x;x
639;98;247;199;x;x
640;242;233;230;x;x
641;202;227;106;x;x
642;119;246;212;x;x
643;176;243;140;x;x
644;206;131;242;x;x
645;67;244;215;x;x
646;217;160;220;x;x
647;229;195;199;x;x
648;51;247;247;x;x
649;168;104;231;x;x
650;107;160;243;x;x
651;208;73;222;x;x
652;205;254;223;x;x
653;237;107;177;x;x
654;157;181;219;x;x
655;240;233;235;x;x
656;246;90;245;x;x
657;252;226;89;x;x
658;237;223;146;x;x
659;208;117;184;x;x
660;179;237;96;x;x
661;229;87;195;x;x
662;200;129;181;x;x
663;254;77;228;x;x
664;249;124;195;x;x
665;241;194;215;x;x
666;233;244;243;x;x
667;233;165;240;x;x
668;125;172;250;x;x
669;205;205;200;x;x
670;193;227;87;x;x
671;195;190;177;x;x
672;104;249;197;x;x
673;168;248;237;x;x
674;192;205;173;x;x
675;234;223;218;x;x
676;211;206;134;x;x
677;101;198;202;x;x
678;197;210;175;x;x
679;221;234;109;x;x
680;200;224;212;x;x
681;165;169;244;x;x
682;138;240;254;x;x
683;207;133;247;x;x
684;212;216;212;x;x
685;253;227;253;x;x
686;200;202;244;x;x
687;138;207;165;x;x
688;222;175;138;x;x
689;197;133;223;x;x
690;176;223;200;x;x
691;231;118;227;x;x
692;59;251;239;x;x
693;241;175;174;x;x
694;159;240;245;x;x
695;132;251;149;x;x
696;112;218;188;x;x
697;114;236;217;x;x
698;234;224;212;x;x
699;228;186;145;x;x
700;173;186;222;x;x
701;97;250;180;x;x
702;71;251;233;x;x
703;180;152;200;x;x
704;242;69;216;x;x
705;138;226;213;x;x
706;175;124;209;x;x
707;102;213;221;x;x
708;172;232;253;x;x
709;223;141;208;x;x
710;134;219;174;x;x
711;203;236;175;x;x
712;87;219;200;x;x
713;251;27;244;x;x
714;215;215;229;x;x
715;191;128;212;x;x
716;130;233;193;x;x
717;232;138;154;x;x
718;175;207;169;x;x
719;146;245;129;x;x
720;102;243;194;x;x
721;203;110;192;x;x
722;205;224;116;x;x
723;226;133;228;x;x
724;105;243;244;x;x
725;89;176;238;x;x
726;34;222;254;x;x
727;248;85;179;x;x
728;75;247;228;x;x
729;118;164;228;x;x
730;200;215;248;x;x
731;194;179;222;x;x
732;95;198;245;x;x
733;170;192;226;x;x
734;249;238;145;x;x
735;231;246;168;x;x
736;133;152;222;x;x
737;222;184;219;x;x
738;166;215;228;x;x
739;193;203;215;x;x
740;238;197;172;x;x
741;155;240;241;x;x
742;243;156;134;x;x
743;156;139;227;x;x
744;194;230;237;x;x
745;165;128;252;x;x
746;246;135;134;x;x
747;244;199;67;x;x
748;230;232;137;x;x
749;208;176;194;x;x
750;203;248;243;x;x
751;213;120;182;x;x
752;177;125;229;x;x
753;222;243;159;x;x
754;247;208;143;x;x
755;178;241;146;x;x
756;102;165;248;x;x
757;91;251;242;x;x
758;213;143;181;x;x
759;251;244;129;x;x
760;203;216;195;x;x
761;143;210;177;x;x
762;240;51;232;x;x
763;97;219;221;x;x
764;76;250;232;x;x
765;234;227;50;x;x
766;192;195;192;x;x
767;190;197;177;x;x
768;233;205;70;x;x
769;131;207;194;x;x
770;246;193;89;x;x
771;224;225;149;x;x
772;212;231;94;x;x
773;99;198;249;x;x
774;111;203;205;x;x
775;125;252;222;x;x
776;226;234;61;x;x
777;192;227;111;x;x
778;221;231;49;x;x
779;191;179;208;x;x
780;236;124;164;x;x
781;215;231;183;x;x
782;192;180;137;x;x
783;204;106;238;x;x
784;141;177;230;x;x
785;210;130;178;x;x
786;140;254;226;x;x
787;188;184;170;x;x
788;216;179;209;x;x
789;242;240;199;x;x
790;149;242;207;x;x
791;222;254;26;x;x
792;195;234;116;x;x
793;166;138;219;x;x
794;186;136;239;x;x
795;202;160;185;x;x
796;200;178;172;x;x
797;195;117;244;x;x
798;247;98;202;x;x
799;108;253;179;x;x
800;223;245;251;x;x
801;126;241;147;x;x
802;32;233;242;x;x
803;59;227;235;x;x
804;176;225;230;x;x
805;247;192;106;x;x
806;176;246;243;x;x
807;224;104;190;x;x
808;121;183;254;x;x
809;90;196;219;x;x
810;254;96;238;x;x
811;211;126;232;x;x
812;219;157;210;x;x
813;177;227;230;x;x
814;176;152;187;x;x
815;183;231;209;x;x
816;198;222;215;x;x
817;72;249;243;x;x
818;238;226;106;x;x
819;46;243;243;x;x
820;219;216;155;x;x
821;241;120;205;x;x
822;150;194;234;x;x
823;234;174;199;x;x
824;195;190;209;x;x
825;229;218;160;x;x
826;103;235;192;x;x
827;208;149;239;x;x
828;251;200;118;x;x
829;247;47;245;x;x
830;86;231;196;x;x
831;61;245;196;x;x
832;244;144;197;x;x
833;190;208;233;x;x
834;254;131;244;x;x
835;181;237;252;x;x
836;206;164;147;x;x
837;249;205;89;x;x
838;141;211;161;x;x
839;137;196;228;x;x
840;204;126;179;x;x
841;233;246;120;x;x
842;102;233;171;x;x
843;131;239;187;x;x
844;199;226;207;x;x
845;195;137;217;x;x
846;229;186;243;x;x
847;227;240;134;x;x
848;227;244;232;x;x
849;167;230;220;x;x
850;138;173;246;x;x
851;145;176;210;x;x
852;251;126;236;x;x
853;238;150;192;x;x
854;112;226;206;x;x
855;200;134;241;x;x
856;71;208;245;x;x
857;238;239;173;x;x
858;214;102;195;x;x
859;208;231;120;x;x
860;145;249;145;x;x
861;238;193;159;x;x
862;229;181;204;x;x
863;172;144;243;x;x
864;190;204;111;x;x
865;229;213;207;x;x
866;153;155;203;x;x
867;231;241;68;x;x
868;181;157;186;x;x
869;250;183;228;x;x
870;149;216;146;x;x
871;83;235;192;x;x
872;244;186;184;x;x
873;185;237;215;x;x
874;125;189;227;x;x
875;209;121;208;x;x
876;217;94;202;x;x
877;218;135;191;x;x
878;181;123;207;x;x
879;244;198;202;x;x
880;217;156;179;x;x
881;158;220;225;x;x
882;190;230;109;x;x
883;204;177;238;x;x
884;193;250;88;x;x
885;248;206;183;x;x
886;247;89;186;x;x
887;232;189;124;x;x
888;42;242;236;x;x
889;229;197;205;x;x
890;210;163;253;x;x
891;192;150;220;x;x
892;222;112;207;x;x
893;189;239;124;x;x
894;181;244;151;x;x
895;116;247;206;x;x
896;47;253;205;x;x
897;226;191;167;x;x
898;213;67;232;x;x
899;239;112;230;x;x
900;100;201;241;x;x
901;70;250;193;x;x
902;209;146;238;x;x
903;189;237;253;x;x
904;143;223;207;x;x
905;167;163;202;x;x
906;190;225;240;x;x
907;91;230;250;x;x
908;208;68;236;x;x
909;164;176;208;x;x
910;215;241;48;x;x
911;253;121;246;x;x
912;154;177;176;x;x
913;203;209;193;x;x
914;160;221;254;x;x
915;147;223;249;x;x
916;240;242;27;x;x
917;205;241;239;x;x
918;206;144;175;x;x
919;206;246;56;x;x
920;208;220;86;x;x
921;243;240;40;x;x
922;194;162;207;x;x
923;157;251;118;x;x
924;205;245;146;x;x
925;245;74;214;x;x
926;217;142;231;x;x
927;211;154;173;x;x
928;215;93;231;x;x
929;114;178;212;x;x
930;165;230;247;x;x
931;245;132;172;x;x
932;241;234;126;x;x
933;254;184;124;x;x
934;197;234;244;x;x
935;225;155;122;x;x
936;252;196;153;x;x
937;189;128;209;x;x
938;232;203;156;x;x
939;224;163;177;x;x
940;204;147;230;x;x
941;218;194;217;x;x
942;160;179;209;x;x
943;57;235;235;x;x
944;130;238;143;x;x
945;243;60;202;x;x
946;155;224;147;x;x
947;78;211;218;x;x
948;211;218;87;x;x
949;236;169;199;x;x
950;149;160;201;x;x
951;101;254;251;x;x
952;141;207;215;x;x
953;242;229;105;x;x
954;227;232;189;x;x
955;253;110;182;x;x
956;209;243;88;x;x
957;139;240;183;x;x
958;196;204;214;x;x
959;64;246;198;x;x
960;241;177;198;x;x
961;237;116;220;x;x
962;213;230;156;x;x
963;212;235;208;x;x
964;222;99;185;x;x
965;147;139;241;x;x
966;250;199;193;x;x
967;225;194;249;x;x
968;203;175;215;x;x
969;123;169;236;x;x
970;156;228;224;x;x
971;210;250;210;x;x
972;173;152;194;x;x
973;232;232;84;x;x
974;147;248;209;x;x
975;84;247;207;x;x
976;205;229;199;x;x
977;212;214;133;x;x
978;245;177;216;x;x
979;174;161;228;x;x
980;110;238;212;x;x
981;225;102;190;x;x
982;137;147;231;x;x
983;99;210;240;x;x
984;139;222;149;x;x
985;245;208;86;x;x
986;97;216;235;x;x
987;237;244;192;x;x
988;222;131;202;x;x
989;167;251;142;x;x
990;233;144;178;x;x
991;243;153;218;x;x
992;240;248;68;x;x
993;166;115;229;x;x
994;229;171;185;x;x
995;209;236;217;x;x
996;168;243;137;x;x
997;191;240;151;x;x
998;244;169;103;x;x
999;237;248;174;x;x
1000;129;189;214;x;x
1001;167;203;134;x;x
1002;152;206;199;x;x
1003;223;56;253;x;x
1004;158;242;157;x;x
1005;230;250;40;x;x
1006;89;172;254;x;x
1007;195;202;223;x;x
1008;216;139;225;x;x
1009;172;107;245;x;x
1010;151;187;216;x;x
1011;139;188;192;x;x
1012;205;254;100;x;x
1013;168;193;152;x;x
1014;211;154;235;x;x
1015;251;131;159;x;x
1016;212;142;188;x;x
1017;231;208;169;x;x
1018;240;125;182;x;x
1019;206;159;251;x;x
1020;123;212;193;x;x
1021;252;214;72;x;x
1022;231;228;169;x;x
1023;130;239;219;x;x
1024;156;217;131;x;x
1025;79;247;222;x;x
1026;73;231;218;x;x
1027;99;184;220;x;x
1028;185;78;240;x;x
1029;246;92;163;x;x
1030;139;151;214;x;x
1031;182;133;202;x;x
1032;244;224;59;x;x
1033;167;203;230;x;x
1034;198;240;108;x;x
1035;248;184;160;x;x
1036;201;184;253;x;x
1037;115;221;168;x;x
1038;168;186;207;x;x
1039;231;246;104;x;x
1040;246;246;208;x;x
1041;244;208;88;x;x
1042;183;240;194;x;x
1043;218;164;188;x;x
1044;197;188;195;x;x
1045;189;104;217;x;x
1046;232;132;240;x;x
1047;228;245;131;x;x
1048;123;238;201;x;x
1049;82;245;192;x;x
1050;207;119;242;x;x
1051;215;57;250;x;x
1052;134;222;146;x;x
1053;128;167;213;x;x
1054;203;240;87;x;x
1055;161;157;227;x;x
1056;178;199;238;x;x
1057;144;183;247;x;x
1058;93;203;226;x;x
1059;156;183;218;x;x
1060;251;206;154;x;x
1061;172;171;213;x;x
1062;227;169;225;x;x
1063;225;210;143;x;x
1064;219;166;135;x;x
1065;226;205;234;x;x
1066;232;116;170;x;x
1067;207;129;240;x;x
1068;103;240;200;x;x
1069;59;219;231;x;x
1070;215;216;240;x;x
1071;246;58;197;x;x
1072;185;207;239;x;x
1073;215;251;149;x;x
1074;137;144;233;x;x
1075;168;247;177;x;x
1076;244;244;47;x;x
1077;107;206;253;x;x
1078;105;245;182;x;x
1079;189;139;181;x;x
1080;222;240;82;x;x
1081;110;191;211;x;x
1082;244;131;250;x;x
1083;200;178;198;x;x
1084;175;203;208;x;x
1085;200;228;134;x;x
1086;208;249;119;x;x
1087;232;206;166;x;x
1088;235;223;88;x;x
1089;167;154;193;x;x
1090;146;198;234;x;x
1091;226;99;221;x;x
1092;176;196;137;x;x
1093;216;175;110;x;x
1094;245;234;73;x;x
1095;146;209;206;x;x
1096;195;214;156;x;x
1097;217;166;245;x;x
1098;142;165;248;x;x
1099;236;116;188;x;x
1100;222;235;60;x;x
1101;97;205;233;x;x
1102;201;240;234;x;x
1103;175;162;239;x;x
1104;97;223;217;x;x
1105;124;184;195;x;x
1106;215;112;179;x;x
1107;227;131;150;x;x
1108;237;169;119;x;x
1109;235;217;70;x;x
1110;224;232;108;x;x
1111;215;208;247;x;x
1112;241;23;247;x;x
1113;170;254;241;x;x
1114;235;242;253;x;x
1115;167;131;217;x;x
1116;51;246;254;x;x
1117;188;169;191;x;x
1118;151;229;218;x;x
1119;250;173;101;x;x
1120;227;116;227;x;x
1121;200;158;158;x;x
1122;246;162;222;x;x
1123;223;188;91;x;x
1124;218;196;98;x;x
1125;207;135;168;x;x
1126;224;243;77;x;x
1127;218;169;215;x;x
1128;147;176;246;x;x
1129;251;246;200;x;x
1130;253;131;157;x;x
1131;237;226;113;x;x
1132;192;143;225;x;x
1133;185;184;201;x;x
1134;193;82;228;x;x
1135;225;235;228;x;x
1136;109;179;246;x;x
1137;225;249;208;x;x
1138;195;226;199;x;x
1139;151;228;138;x;x
1140;252;179;187;x;x
1141;211;244;90;x;x
1142;230;236;82;x;x
1143;216;175;179;x;x
1144;189;188;173;x;x
1145;202;136;194;x;x
1146;97;210;231;x;x
1147;223;217;252;x;x
1148;236;233;187;x;x
1149;176;163;193;x;x
1150;248;124;252;x;x
1151;226;96;245;x;x
1152;201;200;108;x;x
1153;226;150;151;x;x
1154;58;242;209;x;x
1155;204;157;146;x;x
1156;166;233;160;x;x
1157;117;218;219;x;x
1158;141;198;249;x;x
1159;250;151;143;x;x
1160;217;224;193;x;x
1161;229;217;108;x;x
1162;245;243;148;x;x
1163;237;198;132;x;x
1164;56;241;206;x;x
1165;79;228;216;x;x
1166;128;254;168;x;x
1167;140;208;239;x;x
1168;151;152;253;x;x
1169;227;134;151;x;x
1170;130;239;241;x;x
1171;195;213;215;x;x
1172;124;252;238;x;x
1173;208;211;245;x;x
1174;249;156;124;x;x
1175;153;204;175;x;x
1176;196;163;244;x;x
1177;161;144;205;x;x
1178;112;250;240;x;x
1179;242;201;162;x;x
1180;247;128;173;x;x
1181;204;218;110;x;x
1182;225;121;226;x;x
1183;106;205;226;x;x
1184;153;140;209;x;x
1185;165;227;191;x;x
1186;216;200;226;x;x
1187;197;235;93;x;x
1188;143;196;239;x;x
1189;213;136;158;x;x
1190;155;221;252;x;x
1191;163;232;168;x;x
1192;72;249;242;x;x
1193;94;224;213;x;x
1194;199;209;196;x;x
1195;230;205;130;x;x
1196;54;220;235;x;x
1197;153;180;168;x;x
1198;237;205;119;x;x
1199;59;247;213;x;x
1200;87;173;248;x;x
1201;239;149;166;x;x
1202;209;145;178;x;x
1203;254;202;133;x;x
1204;65;247;245;x;x
1205;150;200;176;x;x
1206;212;90;233;x;x
1207;136;119;248;x;x
1208;148;191;203;x;x
1209;185;203;231;x;x
1210;203;215;167;x;x
1211;102;218;241;x;x
1212;154;218;253;x;x
1213;144;223;161;x;x
1214;232;140;142;x;x
1215;246;237;42;x;x
1216;234;164;146;x;x
1217;237;211;189;x;x
1218;218;101;193;x;x
1219;190;153;162;x;x
1220;146;194;188;x;x
1221;215;201;224;x;x
1222;188;186;202;x;x
1223;88;241;190;x;x
1224;159;200;246;x;x
1225;177;160;196;x;x
1226;141;250;243;x;x
1227;184;181;172;x;x
1228;216;139;148;x;x
1229;177;225;109;x;x
1230;178;114;248;x;x
1231;215;150;248;x;x
1232;239;241;103;x;x
1233;166;239;242;x;x
1234;106;238;227;x;x
1235;252;8;247;x;x
1236;162;224;158;x;x
1237;210;105;207;x;x
1238;197;244;157;x;x
1239;223;227;161;x;x
1240;238;202;152;x;x
1241;123;198;212;x;x
1242;174;218;242;x;x
1243;218;212;108;x;x
1244;157;253;145;x;x
1245;127;237;199;x;x
1246;187;157;191;x;x
1247;207;117;222;x;x
1248;225;184;225;x;x
1249;176;178;247;x;x
1250;193;149;178;x;x
1251;210;229;208;x;x
1252;221;238;223;x;x
1253;149;188;223;x;x
1254;243;75;227;x;x
1255;248;229;131;x;x
1256;250;251;4;x;x
1257;69;244;225;x;x
1258;199;146;196;x;x
1259;219;209;207;x;x
1260;245;219;218;x;x
1261;207;127;252;x;x
1262;234;75;213;x;x
1263;233;224;117;x;x
1264;60;230;219;x;x
1265;248;234;43;x;x
1266;177;240;132;x;x
1267;213;128;243;x;x
1268;248;233;237;x;x
1269;96;215;194;x;x
1270;166;244;157;x;x
1271;229;219;83;x;x
1272;159;154;242;x;x
1273;182;128;206;x;x
1274;206;184;229;x;x
1275;142;161;249;x;x
1276;46;248;232;x;x
1277;30;246;238;x;x
1278;133;183;188;x;x
1279;228;235;138;x;x
1280;158;140;246;x;x
1281;253;242;194;x;x
1282;205;231;178;x;x
1283;138;167;227;x;x
1284;242;172;228;x;x
1285;215;231;158;x;x
1286;246;173;148;x;x
1287;247;176;169;x;x
1288;246;180;158;x;x
1289;196;189;187;x;x
1290;128;231;151;x;x
1291;193;218;251;x;x
1292;228;93;228;x;x
1293;175;226;236;x;x
1294;122;249;141;x;x
1295;119;221;162;x;x
1296;174;132;217;x;x
1297;185;220;157;x;x
1298;211;76;226;x;x
1299;21;239;252;x;x
1300;127;188;235;x;x
1301;242;208;194;x;x
1302;246;208;73;x;x
1303;237;194;150;x;x
1304;185;219;129;x;x
1305;122;254;161;x;x
1306;246;120;241;x;x
1307;129;156;248;x;x
1308;200;221;254;x;x
1309;172;157;230;x;x
1310;106;170;246;x;x
1311;134;253;200;x;x
1312;88;235;178;x;x
1313;201;247;252;x;x
1314;79;233;193;x;x
1315;240;221;78;x;x
1316;226;162;210;x;x
1317;172;223;205;x;x
1318;247;183;235;x;x
1319;243;204;61;x;x
1320;182;228;115;x;x
1321;132;144;236;x;x
1322;186;231;116;x;x
1323;234;89;246;x;x
1324;240;226;159;x;x
1325;65;191;246;x;x
1326;188;184;152;x;x
1327;233;204;163;x;x
1328;226;250;244;x;x
1329;171;139;209;x;x
1330;138;198;187;x;x
1331;250;196;96;x;x
1332;136;219;154;x;x
1333;112;163;250;x;x
1334;128;173;222;x;x
1335;241;222;133;x;x
1336;176;188;147;x;x
1337;238;226;170;x;x
1338;117;193;221;x;x
1339;147;148;238;x;x
1340;132;240;142;x;x
1341;168;184;204;x;x
1342;246;159;175;x;x
1343;122;251;227;x;x
1344;232;221;147;x;x
1345;244;170;216;x;x
1346;239;225;144;x;x
1347;230;232;69;x;x
1348;92;254;245;x;x
1349;183;227;159;x;x
1350;245;96;197;x;x
1351;224;230;52;x;x
1352;205;163;205;x;x
1353;200;183;218;x;x
1354;120;221;225;x;x
1355;63;244;236;x;x
1356;153;225;136;x;x
1357;91;236;198;x;x
1358;212;171;239;x;x
1359;179;134;215;x;x
1360;204;152;244;x;x
1361;254;196;105;x;x
1362;133;246;211;x;x
1363;122;215;170;x;x
1364;243;213;201;x;x
1365;63;249;241;x;x
1366;153;247;107;x;x
1367;198;252;170;x;x
1368;100;189;234;x;x
1369;155;196;198;x;x
1370;224;252;67;x;x
1371;170;182;180;x;x
1372;145;252;130;x;x
1373;145;241;150;x;x
1374;162;226;165;x;x
1375;38;246;243;x;x
1376;177;254;230;x;x
1377;206;217;93;x;x
1378;219;247;132;x;x
1379;214;252;226;x;x
1380;240;125;234;x;x
1381;191;133;187;x;x
1382;253;213;114;x;x
1383;134;239;162;x;x
1384;197;113;192;x;x
1385;232;147;244;x;x
1386;226;184;128;x;x
1387;163;130;235;x;x
1388;190;232;161;x;x
1389;200;229;217;x;x
1390;237;164;189;x;x
1391;190;219;99;x;x
1392;90;198;218;x;x
1393;253;200;144;x;x
1394;98;249;166;x;x
1395;195;164;155;x;x
1396;242;160;171;x;x
1397;215;243;79;x;x
1398;233;134;210;x;x
1399;224;156;234;x;x
1400;235;174;206;x;x
1401;238;186;170;x;x
1402;230;99;214;x;x
1403;209;241;71;x;x
1404;219;246;116;x;x
1405;102;211;198;x;x
1406;246;105;162;x;x
1407;181;92;238;x;x
1408;221;240;172;x;x
1409;201;176;141;x;x
1410;160;249;199;x;x
1411;230;226;88;x;x
1412;179;154;172;x;x
1413;168;195;151;x;x
1414;239;235;85;x;x
1415;199;165;216;x;x
1416;206;221;89;x;x
1417;211;245;218;x;x
1418;240;130;180;x;x
1419;242;203;156;x;x
1420;186;223;248;x;x
1421;247;204;194;x;x
1422;160;197;158;x;x
1423;126;224;234;x;x
1424;244;112;231;x;x
1425;240;135;152;x;x
1426;176;245;228;x;x
1427;152;217;208;x;x
1428;184;252;154;x;x
1429;209;217;155;x;x
1430;86;248;249;x;x
1431;155;138;208;x;x
1432;230;122;150;x;x
1433;217;221;227;x;x
1434;191;128;236;x;x
1435;196;189;156;x;x
1436;209;154;149;x;x
1437;219;104;232;x;x
1438;244;244;71;x;x
1439;107;166;228;x;x
1440;134;246;238;x;x
1441;64;250;251;x;x
1442;106;239;254;x;x
1443;208;165;195;x;x
1444;224;180;112;x;x
1445;229;177;175;x;x
1446;146;191;188;x;x
1447;125;220;223;x;x
1448;217;230;204;x;x
1449;250;69;243;x;x
1450;81;172;252;x;x
1451;238;177;99;x;x
1452;251;148;135;x;x
1453;252;152;196;x;x
1454;117;183;229;x;x
1455;232;225;128;x;x
1456;217;248;237;x;x
1457;215;205;241;x;x
1458;190;235;160;x;x
1459;177;234;146;x;x
1460;125;207;232;x;x
1461;186;140;231;x;x
1462;120;204;245;x;x
1463;248;173;129;x;x
1464;192;225;217;x;x
1465;121;241;188;x;x
1466;161;247;223;x;x
1467;250;174;188;x;x
1468;132;207;243;x;x
1469;227;184;156;x;x
1470;209;209;87;x;x
1471;224;249;131;x;x
1472;146;226;193;x;x
1473;226;200;136;x;x
1474;150;236;134;x;x
1475;158;203;249;x;x
1476;237;194;198;x;x
1477;250;167;140;x;x
1478;124;198;235;x;x
1479;149;213;252;x;x
1480;160;122;251;x;x
1481;154;236;252;x;x
1482;113;191;247;x;x
1483;139;148;253;x;x
1484;193;209;121;x;x
1485;54;246;252;x;x
1486;193;132;254;x;x
1487;214;229;69;x;x
1488;135;180;250;x;x
1489;196;247;78;x;x
1490;199;235;88;x;x
1491;133;182;190;x;x
1492;154;227;189;x;x
1493;208;207;145;x;x
1494;251;199;99;x;x
1495;244;249;167;x;x
1496;235;242;153;x;x
1497;167;149;197;x;x
1498;252;207;211;x;x
1499;246;209;56;x;x
1500;91;232;187;x;x
1501;151;177;240;x;x
1502;217;175;184;x;x
1503;169;120;220;x;x
1504;230;236;178;x;x
1505;186;146;194;x;x
1506;114;191;219;x;x
1507;116;183;228;x;x
1508;254;179;250;x;x
1509;182;234;124;x;x
1510;117;243;254;x;x
1511;215;157;232;x;x
1512;238;203;164;x;x
1513;216;234;234;x;x
1514;125;219;162;x;x
1515;170;228;120;x;x
1516;201;143;203;x;x
1517;205;246;132;x;x
1518;194;243;221;x;x
1519;98;182;237;x;x
1520;214;224;238;x;x
1521;193;112;240;x;x
1522;220;174;234;x;x
1523;121;206;246;x;x
1524;232;132;211;x;x
1525;218;190;195;x;x
1526;84;206;236;x;x
1527;112;220;191;x;x
1528;234;236;156;x;x
1529;176;156;182;x;x
1530;191;233;222;x;x
1531;165;147;254;x;x
1532;224;241;189;x;x
1533;133;215;173;x;x
1534;213;147;235;x;x
1535;238;195;93;x;x
1536;179;171;254;x;x
1537;229;217;186;x;x
1538;77;220;212;x;x
1539;191;129;231;x;x
1540;169;214;210;x;x
1541;248;138;224;x;x
1542;68;252;253;x;x
1543;158;160;252;x;x
1544;245;253;104;x;x
1545;165;175;177;x;x
1546;200;187;125;x;x
1547;252;205;52;x;x
1548;200;139;227;x;x
1549;252;233;178;x;x
1550;239;175;249;x;x
1551;177;145;225;x;x
1552;88;237;242;x;x
1553;151;217;170;x;x
1554;155;186;170;x;x
1555;163;192;229;x;x
1556;167;145;204;x;x
1557;145;195;250;x;x
1558;232;249;77;x;x
1559;237;149;136;x;x
1560;77;249;193;x;x
1561;217;193;179;x;x
1562;227;87;253;x;x
1563;104;240;179;x;x
1564;111;192;242;x;x
1565;248;149;177;x;x
1566;238;57;226;x;x
1567;234;103;186;x;x
1568;188;74;246;x;x
1569;201;208;155;x;x
1570;185;238;229;x;x
1571;249;136;151;x;x
1572;204;163;248;x;x
1573;136;246;216;x;x
1574;177;191;174;x;x
1575;84;235;186;x;x
1576;234;94;197;x;x
1577;118;254;248;x;x
1578;249;82;229;x;x
1579;145;211;164;x;x
1580;142;199;160;x;x
1581;234;173;119;x;x
1582;186;211;115;x;x
1583;252;246;136;x;x
1584;110;242;232;x;x
1585;237;147;202;x;x
1586;254;77;172;x;x
1587;239;235;83;x;x
1588;221;76;251;x;x
1589;40;241;244;x;x
1590;170;233;192;x;x
1591;95;243;177;x;x
1592;230;218;65;x;x
1593;237;198;89;x;x
1594;199;141;196;x;x
1595;243;216;47;x;x
1596;216;54;237;x;x
1597;217;217;89;x;x
1598;96;251;162;x;x
1599;237;225;136;x;x
1600;230;38;236;x;x
1601;233;180;222;x;x
1602;181;240;142;x;x
1603;246;178;186;x;x
1604;139;142;251;x;x
1605;215;193;97;x;x
1606;240;232;76;x;x
1607;171;127;241;x;x
1608;67;212;246;x;x
1609;177;233;243;x;x
1610;181;152;175;x;x
1611;225;128;175;x;x
1612;238;232;205;x;x
1613;166;218;159;x;x
1614;93;208;239;x;x
1615;229;45;238;x;x
1616;138;177;226;x;x
1617;232;150;162;x;x
1618;156;185;183;x;x
1619;252;250;195;x;x
1620;103;248;199;x;x
1621;189;182;133;x;x
1622;244;176;143;x;x
1623;68;239;254;x;x
1624;125;240;169;x;x
1625;169;235;116;x;x
1626;204;173;206;x;x
1627;231;78;203;x;x
1628;190;150;175;x;x
1629;219;122;231;x;x
1630;245;200;178;x;x
1631;244;102;194;x;x
1632;192;181;162;x;x
1633;228;182;254;x;x
1634;243;241;54;x;x
1635;241;196;124;x;x
1636;162;243;236;x;x
1637;137;182;243;x;x
1638;160;199;206;x;x
1639;217;186;170;x;x
1640;189;145;241;x;x
1641;252;205;126;x;x
1642;237;221;152;x;x
1643;161;155;237;x;x
1644;110;250;200;x;x
1645;138;233;252;x;x
1646;125;208;168;x;x
1647;251;103;199;x;x
1648;181;238;134;x;x
1649;176;249;229;x;x
1650;219;239;244;x;x
1651;104;237;245;x;x
1652;249;238;217;x;x
1653;248;229;155;x;x
1654;88;221;225;x;x
1655;227;219;201;x;x
1656;229;231;242;x;x
1657;241;131;254;x;x
1658;198;239;140;x;x
1659;236;150;242;x;x
1660;154;224;253;x;x
1661;226;237;158;x;x
1662;216;121;166;x;x
1663;180;136;205;x;x
1664;169;208;230;x;x
1665;183;252;73;x;x
1666;112;195;224;x;x
1667;145;251;135;x;x
1668;180;225;151;x;x
1669;213;230;240;x;x
1670;196;191;205;x;x
1671;170;217;132;x;x
1672;222;220;89;x;x
1673;250;169;208;x;x
1674;182;169;223;x;x
1675;166;236;108;x;x
1676;241;148;204;x;x
1677;245;208;225;x;x
1678;228;154;237;x;x
1679;254;107;247;x;x
1680;218;245;155;x;x
1681;237;124;243;x;x
1682;200;152;227;x;x
1683;193;227;226;x;x
1684;238;247;103;x;x
1685;152;227;165;x;x
1686;229;96;196;x;x
1687;93;245;198;x;x
1688;224;177;161;x;x
1689;66;246;223;x;x
1690;231;250;99;x;x
1691;253;144;109;x;x
1692;146;253;152;x;x
1693;232;205;94;x;x
1694;187;196;234;x;x
1695;205;253;186;x;x
1696;79;216;254;x;x
1697;245;235;132;x;x
1698;247;163;91;x;x
1699;180;136;232;x;x
1700;208;233;76;x;x
1701;96;182;242;x;x
1702;207;195;198;x;x
1703;215;245;52;x;x
1704;187;77;251;x;x
1705;252;231;70;x;x
1706;164;250;186;x;x
1707;241;238;202;x;x
1708;196;165;160;x;x
1709;229;144;130;x;x
1710;219;104;189;x;x
1711;252;219;180;x;x
1712;245;238;239;x;x
1713;176;205;130;x;x
1714;231;193;135;x;x
1715;183;200;139;x;x
1716;215;226;177;x;x
1717;125;233;193;x;x
1718;231;177;235;x;x
1719;245;203;252;x;x
1720;121;233;247;x;x
1721;194;204;109;x;x
1722;171;237;178;x;x
1723;223;187;141;x;x
1724;138;235;234;x;x
1725;105;241;160;x;x
1726;195;193;159;x;x
1727;216;67;218;x;x
1728;242;245;20;x;x
1729;237;181;85;x;x
1730;231;124;215;x;x
1731;230;191;135;x;x
1732;244;226;192;x;x
1733;251;152;116;x;x
1734;219;237;212;x;x
1735;156;205;183;x;x
1736;47;219;242;x;x
1737;227;162;250;x;x
1738;98;175;250;x;x
1739;109;189;246;x;x
1740;155;166;202;x;x
1741;149;217;143;x;x
1742;249;245;128;x;x
1743;192;214;234;x;x
1744;176;184;250;x;x
1745;198;224;86;x;x
1746;127;236;164;x;x
1747;159;250;112;x;x
1748;213;177;202;x;x
1749;224;88;229;x;x
1750;148;231;160;x;x
1751;206;168;137;x;x
1752;182;147;218;x;x
1753;241;246;62;x;x
1754;241;191;117;x;x
1755;110;215;222;x;x
1756;216;206;84;x;x
1757;211;153;243;x;x
1758;253;100;224;x;x
1759;211;245;229;x;x
1760;202;60;243;x;x
1761;127;189;245;x;x
1762;206;161;175;x;x
1763;179;164;226;x;x
1764;252;213;170;x;x
1765;142;200;188;x;x
1766;187;196;228;x;x
1767;190;238;229;x;x
1768;241;242;247;x;x
1769;239;179;231;x;x
1770;252;171;219;x;x
1771;202;174;153;x;x
1772;102;247;197;x;x
1773;121;239;150;x;x
1774;104;251;197;x;x
1775;94;236;236;x;x
1776;218;122;220;x;x
1777;171;251;178;x;x
1778;202;201;175;x;x
1779;168;115;224;x;x
1780;192;203;187;x;x
1781;182;164;236;x;x
1782;244;103;220;x;x
1783;203;246;80;x;x
1784;240;42;236;x;x
1785;157;211;195;x;x
1786;225;254;33;x;x
1787;105;232;248;x;x
1788;242;181;120;x;x
1789;72;242;230;x;x
1790;198;64;242;x;x
1791;215;236;122;x;x
1792;253;166;130;x;x
1793;169;235;121;x;x
1794;247;244;215;x;x
1795;251;56;253;x;x
1796;148;139;254;x;x
1797;219;99;224;x;x
1798;142;209;204;x;x
1799;128;228;179;x;x
1800;61;242;242;x;x
1801;122;227;178;x;x
1802;96;215;226;x;x
1803;195;176;170;x;x
1804;238;165;124;x;x
1805;71;240;206;x;x
1806;223;249;103;x;x
1807;193;221;251;x;x
1808;204;239;60;x;x
1809;220;101;207;x;x
1810;220;50;248;x;x
1811;211;185;198;x;x
1812;220;167;176;x;x
1813;240;87;176;x;x
1814;171;87;246;x;x
1815;244;235;154;x;x
1816;170;183;215;x;x
1817;44;250;238;x;x
1818;230;242;139;x;x
1819;216;218;171;x;x
1820;242;118;177;x;x
1821;245;223;238;x;x
1822;66;231;208;x;x
1823;54;224;240;x;x
1824;86;215;247;x;x
1825;238;185;214;x;x
1826;200;101;220;x;x
1827;249;107;179;x;x
1828;90;234;213;x;x
1829;207;186;186;x;x
1830;75;233;237;x;x
1831;233;161;124;x;x
1832;250;128;128;x;x
1833;230;250;218;x;x
1834;185;175;153;x;x
1835;219;239;190;x;x
1836;167;196;145;x;x
1837;172;249;153;x;x
1838;228;201;81;x;x
1839;242;142;145;x;x
1840;162;125;216;x;x
1841;195;130;181;x;x
1842;137;199;233;x;x
1843;208;195;198;x;x
1844;203;198;209;x;x
1845;214;166;192;x;x
1846;174;234;232;x;x
1847;245;132;204;x;x
1848;245;144;112;x;x
1849;147;215;253;x;x
1850;189;228;234;x;x
1851;181;133;236;x;x
1852;121;228;218;x;x
1853;202;211;207;x;x
1854;104;250;214;x;x
1855;250;245;139;x;x
1856;247;168;108;x;x
1857;252;237;87;x;x
1858;246;241;117;x;x
1859;220;196;195;x;x
1860;247;86;209;x;x
1861;243;237;245;x;x
1862;100;250;234;x;x
1863;125;249;219;x;x
1864;202;187;145;x;x
1865;51;236;235;x;x
1866;102;244;254;x;x
1867;129;227;210;x;x
1868;248;194;84;x;x
1869;156;197;157;x;x
1870;131;224;174;x;x
1871;229;190;172;x;x
1872;159;207;142;x;x
1873;252;153;171;x;x
1874;210;222;79;x;x
1875;243;140;139;x;x
1876;254;225;205;x;x
1877;243;217;123;x;x
1878;253;153;232;x;x
1879;111;192;243;x;x
1880;217;51;242;x;x
1881;249;99;223;x;x
1882;253;215;239;x;x
1883;221;71;240;x;x
1884;211;199;94;x;x
1885;247;158;253;x;x
1886;161;170;171;x;x
1887;209;244;254;x;x
1888;240;236;247;x;x
1889;172;112;226;x;x
1890;209;217;143;x;x
1891;108;204;246;x;x
1892;164;176;169;x;x
1893;227;243;169;x;x
1894;223;145;203;x;x
1895;238;192;132;x;x
1896;244;205;175;x;x
1897;246;164;211;x;x
1898;133;221;205;x;x
1899;206;172;177;x;x
1900;215;146;152;x;x
1901;130;181;202;x;x
1902;89;233;223;x;x
1903;253;220;34;x;x
1904;240;191;95;x;x
1905;206;147;247;x;x
1906;170;204;251;x;x
1907;174;213;224;x;x
1908;121;156;247;x;x
1909;68;212;234;x;x
1910;231;188;149;x;x
1911;210;136;159;x;x
1912;135;224;252;x;x
1913;230;128;222;x;x
1914;246;239;75;x;x
1915;223;154;248;x;x
1916;235;144;137;x;x
1917;199;236;246;x;x
1918;225;250;207;x;x
1919;141;152;251;x;x
1920;161;204;211;x;x
1921;150;183;215;x;x
1922;170;184;217;x;x
1923;249;106;226;x;x
1924;46;245;223;x;x
1925;212;186;159;x;x
1926;247;104;156;x;x
1927;185;147;194;x;x
1928;162;196;190;x;x
1929;217;33;251;x;x
1930;135;249;240;x;x
1931;144;176;254;x;x
1932;163;100;245;x;x
1933;247;29;238;x;x
1934;244;179;134;x;x
1935;175;238;115;x;x
1936;213;247;137;x;x
1937;121;250;139;x;x
1938;253;201;205;x;x
1939;122;252;231;x;x
1940;185;253;68;x;x
1941;145;190;182;x;x
1942;174;203;231;x;x
1943;251;88;230;x;x
1944;72;245;223;x;x
1945;208;243;69;x;x
1946;223;216;68;x;x
1947;209;99;195;x;x
1948;254;178;160;x;x
1949;202;193;190;x;x
1950;217;222;156;x;x
1951;226;247;100;x;x
1952;247;209;100;x;x
1953;175;205;123;x;x
1954;254;169;213;x;x
1955;157;205;219;x;x
1956;139;207;246;x;x
1957;119;244;166;x;x
1958;245;118;219;x;x
1959;184;190;151;x;x
1960;119;234;177;x;x
1961;207;249;128;x;x
1962;132;200;181;x;x
1963;70;249;235;x;x
1964;247;182;236;x;x
1965;223;175;142;x;x
1966;188;235;110;x;x
1967;233;184;184;x;x
1968;126;134;246;x;x
1969;118;148;240;x;x
1970;84;218;218;x;x
1971;246;224;125;x;x
1972;198;100;234;x;x
1973;42;208;253;x;x
1974;203;184;203;x;x
1975;249;95;233;x;x
1976;224;102;252;x;x
1977;139;214;243;x;x
1978;212;67;233;x;x
1979;254;251;42;x;x
1980;244;159;176;x;x
1981;222;185;177;x;x
1982;147;186;216;x;x
1983;216;200;232;x;x
1984;247;249;79;x;x
1985;160;173;205;x;x
1986;203;221;242;x;x
1987;239;201;187;x;x
1988;225;241;55;x;x
1989;253;157;192;x;x
1990;147;250;146;x;x
1991;204;169;146;x;x
1992;88;229;185;x;x
1993;150;220;147;x;x
1994;250;45;210;x;x
1995;214;224;132;x;x
1996;240;234;152;x;x
1997;184;233;173;x;x
1998;226;251;231;x;x
1999;250;73;192;x;x
2000;58;211;244;x;x
2001;157;243;198;x;x
2002;109;151;244;x;x
2003;168;102;235;x;x
2004;241;117;214;x;x
2005;225;205;91;x;x
2006;240;146;157;x;x
2007;237;246;84;x;x
2008;161;234;167;x;x
2009;180;209;155;x;x
2010;144;227;225;x;x
2011;208;201;203;x;x
2012;254;98;158;x;x
2013;134;196;196;x;x
2014;200;237;68;x;x
2015;234;223;217;x;x
2016;235;179;215;x;x
2017;226;76;203;x;x
2018;179;248;114;x;x
2019;168;245;92;x;x
2020;149;116;241;x;x
2021;192;168;177;x;x
2022;124;187;225;x;x
2023;103;254;226;x;x
2024;192;143;168;x;x
2025;248;92;240;x;x
2026;253;137;182;x;x
2027;235;64;220;x;x
2028;146;211;181;x;x
2029;188;185;146;x;x
2030;213;164;149;x;x
2031;204;228;80;x;x
2032;148;211;221;x;x
2033;219;164;187;x;x
2034;176;155;206;x;x
2035;106;175;242;x;x
2036;222;230;239;x;x
2037;98;240;177;x;x
2038;244;12;252;x;x
2039;235;79;205;x;x
2040;64;210;247;x;x
2041;210;229;66;x;x
2042;252;166;152;x;x
2043;201;212;205;x;x
2044;224;120;164;x;x
2045;233;144;171;x;x
2046;221;220;147;x;x
2047;68;193;246;x;x
2048;250;236;19;x;x
2049;227;252;221;x;x
2050;224;94;209;x;x
2051;250;164;249;x;x
2052;119;200;193;x;x
2053;238;253;233;x;x
2054;134;206;231;x;x
2055;191;123;225;x;x
2056;124;175;252;x;x
2057;137;254;159;x;x
2058;229;122;202;x;x
2059;215;120;191;x;x
2060;240;137;193;x;x
2061;166;183;191;x;x
2062;157;217;192;x;x
2063;249;126;213;x;x
2064;215;225;72;x;x
2065;124;206;202;x;x
2066;147;120;242;x;x
2067;253;228;28;x;x
2068;243;217;192;x;x
2069;237;254;55;x;x
2070;73;200;231;x;x
2071;111;196;245;x;x
2072;207;244;190;x;x
2073;130;216;222;x;x
2074;33;253;219;x;x
2075;51;246;214;x;x
2076;166;145;202;x;x
2077;242;117;245;x;x
2078;181;169;184;x;x
2079;151;240;119;x;x
2080;153;244;164;x;x
2081;100;216;247;x;x
2082;204;86;250;x;x
2083;107;240;174;x;x
2084;181;191;132;x;x
2085;241;182;182;x;x
2086;138;224;166;x;x
2087;229;62;223;x;x
2088;219;160;188;x;x
2089;192;163;182;x;x
2090;250;196;93;x;x
2091;215;205;163;x;x
2092;247;135;221;x;x
2093;202;223;233;x;x
2094;251;141;254;x;x
2095;214;192;174;x;x
2096;82;209;213;x;x
2097;191;194;153;x;x
2098;242;247;82;x;x
2099;134;186;204;x;x
2100;228;100;244;x;x
2101;231;25;254;x;x
2102;206;237;214;x;x
2103;171;211;124;x;x
2104;253;245;217;x;x
2105;170;216;131;x;x
2106;194;181;131;x;x
2107;184;211;149;x;x
2108;206;122;238;x;x
2109;119;222;216;x;x
2110;223;240;119;x;x
2111;227;231;185;x;x
2112;175;178;159;x;x
2113;51;246;251;x;x
2114;157;215;175;x;x
2115;200;248;72;x;x
2116;224;103;246;x;x
2117;173;249;222;x;x
2118;226;103;181;x;x
2119;209;58;234;x;x
2120;215;79;224;x;x
2121;188;151;174;x;x
2122;176;171;154;x;x
2123;221;210;152;x;x
2124;104;168;247;x;x
2125;222;247;103;x;x
2126;238;217;47;x;x
2127;242;180;118;x;x
2128;168;222;183;x;x
2129;212;184;109;x;x
2130;219;199;165;x;x
2131;209;98;194;x;x
2132;245;238;80;x;x
2133;249;234;151;x;x
2134;130;218;166;x;x
2135;222;160;125;x;x
2136;218;85;210;x;x
2137;146;214;166;x;x
2138;199;133;230;x;x
2139;252;212;154;x;x
2140;151;240;230;x;x
2141;106;253;170;x;x
2142;127;224;237;x;x
2143;46;234;226;x;x
2144;70;248;250;x;x
2145;240;171;117;x;x
2146;147;202;216;x;x
2147;231;57;213;x;x
2148;218;251;71;x;x
2149;246;198;135;x;x
2150;122;200;227;x;x
2151;230;241;85;x;x
2152;196;137;249;x;x
2153;149;181;210;x;x
2154;252;101;180;x;x
2155;225;218;224;x;x
2156;161;104;239;x;x
2157;205;232;149;x;x
2158;210;250;57;x;x
2159;155;180;235;x;x
2160;78;215;239;x;x
2161;127;163;248;x;x
2162;205;89;222;x;x
2163;195;202;206;x;x
2164;163;242;196;x;x
2165;214;142;185;x;x
2166;217;95;238;x;x
2167;75;252;189;x;x
2168;251;133;240;x;x
2169;101;192;253;x;x
2170;146;240;222;x;x
2171;112;243;248;x;x
2172;185;253;73;x;x
2173;187;246;182;x;x
2174;211;190;117;x;x
2175;158;192;249;x;x
2176;226;129;147;x;x
2177;220;73;244;x;x
2178;148;181;223;x;x
2179;188;96;227;x;x
2180;253;97;210;x;x
2181;172;235;223;x;x
2182;182;174;248;x;x
2183;171;241;220;x;x
2184;254;126;149;x;x
2185;128;253;157;x;x
2186;228;63;241;x;x
2187;249;200;52;x;x
2188;235;223;129;x;x
2189;196;173;171;x;x
2190;190;217;144;x;x
2191;237;215;182;x;x
2192;215;240;83;x;x
2193;240;236;180;x;x
2194;158;124;225;x;x
2195;223;207;173;x;x
2196;215;245;170;x;x
2197;158;115;237;x;x
2198;224;190;165;x;x
2199;254;145;252;x;x
2200;244;144;191;x;x
2201;227;147;252;x;x
2202;237;223;238;x;x
2203;224;69;210;x;x
2204;157;194;243;x;x
2205;191;113;254;x;x
2206;254;124;192;x;x
2207;249;91;233;x;x
2208;167;133;216;x;x
2209;231;147;123;x;x
2210;172;240;155;x;x
2211;163;155;237;x;x
2212;240;189;220;x;x
2213;220;101;242;x;x
2214;203;223;221;x;x
2215;168;185;231;x;x
2216;177;223;183;x;x
2217;191;110;231;x;x
2218;251;24;254;x;x
2219;226;246;31;x;x
2220;245;213;83;x;x
2221;195;76;253;x;x
2222;231;227;58;x;x
2223;249;26;249;x;x
2224;144;239;240;x;x
2225;136;242;241;x;x
2226;179;247;131;x;x
2227;214;253;170;x;x
2228;30;230;241;x;x
2229;162;245;190;x;x
2230;200;152;239;x;x
2231;230;117;177;x;x
2232;246;138;191;x;x
2233;239;226;45;x;x
2234;179;164;253;x;x
2235;215;169;129;x;x
2236;224;119;227;x;x
2237;165;223;254;x;x
2238;194;241;182;x;x
2239;189;172;231;x;x
2240;210;99;208;x;x
2241;246;145;119;x;x
2242;140;217;155;x;x
2243;145;147;224;x;x
2244;111;215;239;x;x
2245;90;251;239;x;x
2246;215;194;118;x;x
2247;212;197;247;x;x
2248;181;160;212;x;x
2249;212;234;230;x;x
2250;139;182;191;x;x
2251;197;197;168;x;x
2252;194;199;241;x;x
2253;245;230;60;x;x
2254;225;124;159;x;x
2255;232;170;220;x;x
2256;152;183;225;x;x
2257;242;210;189;x;x
2258;156;245;233;x;x
2259;149;187;239;x;x
2260;247;236;219;x;x
2261;250;241;23;x;x
2262;108;221;236;x;x
2263;186;248;111;x;x
2264;112;248;177;x;x
2265;63;245;208;x;x
2266;201;91;213;x;x
2267;246;186;78;x;x
2268;77;207;250;x;x
2269;120;213;181;x;x
2270;143;180;242;x;x
2271;204;178;131;x;x
2272;218;178;239;x;x
2273;132;180;244;x;x
2274;192;132;213;x;x
2275;109;240;251;x;x
2276;243;17;253;x;x
2277;71;184;248;x;x
2278;231;140;215;x;x
2279;146;249;153;x;x
2280;236;220;237;x;x
2281;214;254;222;x;x
2282;234;180;247;x;x
2283;82;200;252;x;x
2284;52;241;231;x;x
2285;120;254;128;x;x
2286;207;207;124;x;x
2287;222;164;243;x;x
2288;251;107;180;x;x
2289;209;129;223;x;x
2290;209;224;195;x;x
2291;141;168;235;x;x
2292;149;223;202;x;x
2293;231;100;251;x;x
2294;254;212;204;x;x
2295;169;244;237;x;x
2296;215;252;210;x;x
2297;109;241;241;x;x
2298;180;216;106;x;x
2299;250;223;134;x;x
2300;132;254;155;x;x
2301;237;180;103;x;x
2302;210;144;162;x;x
2303;185;199;144;x;x
2304;177;217;152;x;x
2305;246;252;175;x;x
2306;198;145;163;x;x
2307;224;212;250;x;x
2308;78;173;254;x;x
2309;164;205;196;x;x
2310;251;208;190;x;x
2311;112;254;223;x;x
2312;227;194;90;x;x
2313;210;243;173;x;x
2314;243;216;114;x;x
2315;247;134;249;x;x
2316;152;185;184;x;x
2317;244;163;158;x;x
2318;149;236;253;x;x
2319;243;157;147;x;x
2320;144;237;201;x;x
2321;173;232;138;x;x
2322;177;167;171;x;x
2323;211;243;69;x;x
2324;251;240;16;x;x
2325;114;151;240;x;x
2326;242;109;191;x;x
2327;139;206;165;x;x
2328;247;217;46;x;x
2329;233;221;200;x;x
2330;210;114;211;x;x
2331;192;106;238;x;x
2332;226;44;247;x;x
2333;206;81;253;x;x
2334;173;207;220;x;x
2335;228;232;243;x;x
2336;132;158;212;x;x
2337;190;240;111;x;x
2338;217;214;136;x;x
2339;224;243;141;x;x
2340;174;152;190;x;x
2341;156;230;150;x;x
2342;245;228;231;x;x
2343;147;219;242;x;x
2344;138;252;245;x;x
2345;206;166;196;x;x
2346;194;161;242;x;x
2347;238;123;224;x;x
2348;204;221;171;x;x
2349;232;25;251;x;x
2350;190;248;211;x;x
2351;179;235;198;x;x
2352;117;226;163;x;x
2353;237;236;127;x;x
2354;252;239;92;x;x
2355;152;239;199;x;x
2356;131;210;204;x;x
2357;140;148;224;x;x
2358;210;86;205;x;x
2359;172;244;133;x;x
2360;80;221;207;x;x
2361;202;216;242;x;x
2362;213;117;184;x;x
2363;89;232;230;x;x
2364;173;177;206;x;x
2365;232;183;139;x;x
2366;238;208;59;x;x
2367;225;207;151;x;x
2368;200;193;175;x;x
2369;251;147;146;x;x
2370;190;251;212;x;x
2371;219;249;213;x;x
2372;235;233;204;x;x
2373;189;177;146;x;x
2374;174;252;155;x;x
2375;228;160;199;x;x
2376;210;213;139;x;x
2377;203;237;65;x;x
2378;176;216;197;x;x
2379;179;99;225;x;x
2380;165;250;219;x;x
2381;241;167;243;x;x
2382;197;177;188;x;x
2383;229;232;198;x;x
2384;190;207;130;x;x
2385;142;184;226;x;x
2386;249;166;173;x;x
2387;250;82;216;x;x
2388;192;209;127;x;x
2389;124;238;148;x;x
2390;249;115;209;x;x
2391;247;145;229;x;x
2392;173;100;246;x;x
2393;41;238;246;x;x
2394;184;165;186;x;x
2395;158;162;239;x;x
2396;223;219;192;x;x
2397;147;218;152;x;x
2398;14;252;253;x;x
2399;176;166;205;x;x
2400;202;227;103;x;x
2401;241;241;103;x;x
2402;108;234;205;x;x
2403;151;240;141;x;x
2404;187;215;222;x;x
2405;90;236;187;x;x
2406;142;222;195;x;x
2407;163;145;241;x;x
2408;87;222;225;x;x
2409;251;158;175;x;x
2410;158;200;218;x;x
2411;160;185;163;x;x
2412;172;241;240;x;x
2413;247;42;248;x;x
2414;191;122;252;x;x
2415;208;114;232;x;x
2416;248;129;212;x;x
2417;251;85;193;x;x
2418;213;245;64;x;x
2419;252;230;161;x;x
2420;221;207;150;x;x
2421;125;250;234;x;x
2422;164;210;156;x;x
2423;188;237;227;x;x
2424;125;212;217;x;x
2425;127;206;189;x;x
2426;229;95;189;x;x
2427;253;155;149;x;x
2428;245;56;217;x;x
2429;215;77;249;x;x
2430;226;163;141;x;x
2431;185;250;82;x;x
2432;251;130;181;x;x
2433;246;240;243;x;x
2434;202;229;136;x;x
2435;250;227;114;x;x
2436;105;248;178;x;x
2437;248;95;174;x;x
2438;232;223;219;x;x
2439;137;210;201;x;x
2440;165;163;205;x;x
2441;203;128;199;x;x
2442;216;193;174;x;x
2443;245;207;157;x;x
2444;236;113;160;x;x
2445;247;107;245;x;x
2446;154;162;219;x;x
2447;246;194;166;x;x
2448;204;159;169;x;x
2449;199;242;235;x;x
2450;199;215;245;x;x
2451;216;118;218;x;x
2452;178;134;250;x;x
2453;147;145;233;x;x
2454;70;213;224;x;x
2455;103;158;244;x;x
2456;165;162;226;x;x
2457;212;252;237;x;x
2458;244;70;199;x;x
2459;223;80;221;x;x
2460;197;100;214;x;x
2461;176;242;217;x;x
2462;136;191;208;x;x
2463;195;207;197;x;x
2464;226;77;211;x;x
2465;221;186;248;x;x
2466;239;210;59;x;x
2467;182;149;254;x;x
2468;253;102;200;x;x
2469;201;201;240;x;x
2470;183;207;151;x;x
2471;234;193;104;x;x
2472;208;84;227;x;x
2473;252;149;101;x;x
2474;141;244;233;x;x
2475;249;38;251;x;x
2476;43;242;224;x;x
2477;198;169;175;x;x
2478;187;120;236;x;x
2479;88;252;215;x;x
2480;206;104;198;x;x
2481;186;204;175;x;x
2482;246;251;132;x;x
2483;247;180;195;x;x
2484;233;115;207;x;x
2485;213;170;180;x;x
2486;249;132;253;x;x
2487;210;246;208;x;x
2488;138;205;175;x;x
2489;248;249;218;x;x
2490;176;124;219;x;x
2491;178;101;245;x;x
2492;236;47;244;x;x
2493;245;227;102;x;x
2494;184;164;217;x;x
2495;82;196;227;x;x
2496;230;162;129;x;x
2497;229;182;238;x;x
2498;219;147;198;x;x
2499;203;251;251;x;x
2500;248;193;63;x;x
2501;218;245;165;x;x
2502;234;97;236;x;x
2503;176;249;151;x;x
2504;195;201;161;x;x
2505;225;117;229;x;x
2506;226;108;242;x;x
2507;127;221;164;x;x
2508;60;254;217;x;x
2509;218;216;151;x;x
2510;247;146;249;x;x
2511;160;214;220;x;x
2512;133;142;230;x;x
2513;248;186;109;x;x
2514;228;179;130;x;x
2515;230;240;77;x;x
2516;232;107;189;x;x
2517;180;200;167;x;x
2518;99;235;233;x;x
2519;134;122;245;x;x
2520;220;200;214;x;x
2521;125;172;218;x;x
2522;180;212;151;x;x
2523;231;55;243;x;x
2524;158;123;235;x;x
2525;250;165;141;x;x
2526;224;206;88;x;x
2527;163;165;201;x;x
2528;196;129;184;x;x
2529;217;203;216;x;x
2530;240;221;203;x;x
2531;226;207;108;x;x
2532;161;138;239;x;x
2533;197;101;251;x;x
2534;247;164;231;x;x
2535;206;239;200;x;x
2536;248;108;152;x;x
2537;114;196;253;x;x
2538;248;248;115;x;x
2539;174;148;186;x;x
2540;203;253;166;x;x
2541;95;227;227;x;x
2542;248;211;196;x;x
2543;156;243;249;x;x
2544;95;202;204;x;x
2545;218;227;199;x;x
2546;126;231;163;x;x
2547;227;225;199;x;x
2548;88;226;221;x;x
2549;174;199;249;x;x
2550;243;118;250;x;x
2551;121;210;247;x;x
2552;233;79;200;x;x
2553;150;171;213;x;x
2554;208;231;106;x;x
2555;131;229;180;x;x
2556;203;190;156;x;x
2557;78;212;227;x;x
2558;252;206;163;x;x
2559;181;181;192;x;x
2560;185;197;158;x;x
2561;222;230;112;x;x
2562;90;243;173;x;x
2563;219;160;138;x;x
2564;196;104;226;x;x
2565;37;231;242;x;x
2566;152;238;168;x;x
2567;205;149;231;x;x
2568;250;159;134;x;x
2569;180;238;243;x;x
2570;161;248;216;x;x
2571;192;227;132;x;x
2572;168;137;211;x;x
2573;198;189;242;x;x
2574;217;123;240;x;x
2575;249;252;42;x;x
2576;177;167;201;x;x
2577;247;23;234;x;x
2578;159;235;247;x;x
2579;121;200;185;x;x
2580;163;252;123;x;x
2581;160;167;213;x;x
2582;216;226;195;x;x
2583;153;201;228;x;x
2584;78;221;253;x;x
2585;174;171;203;x;x
2586;246;127;222;x;x
2587;28;233;249;x;x
2588;216;144;220;x;x
2589;191;138;212;x;x
2590;165;223;121;x;x
2591;235;230;133;x;x
2592;205;229;88;x;x
2593;147;252;210;x;x
2594;250;150;206;x;x
2595;216;98;216;x;x
2596;221;116;205;x;x
2597;243;209;212;x;x
2598;157;184;173;x;x
2599;225;230;99;x;x
2600;160;187;202;x;x
2601;228;237;60;x;x
2602;249;240;217;x;x
2603;221;71;234;x;x
2604;247;160;123;x;x
2605;232;218;54;x;x
2606;191;234;174;x;x
2607;158;164;240;x;x
2608;212;200;179;x;x
2609;239;169;133;x;x
2610;221;102;249;x;x
2611;157;225;221;x;x
2612;111;254;235;x;x
2613;88;224;195;x;x
2614;236;198;164;x;x
2615;222;234;119;x;x
2616;251;254;225;x;x
2617;154;250;247;x;x
2618;241;144;188;x;x
2619;102;233;185;x;x
2620;237;98;185;x;x
2621;161;125;252;x;x
2622;239;219;123;x;x
2623;220;246;75;x;x
2624;231;84;195;x;x
2625;216;91;249;x;x
2626;239;137;196;x;x
2627;222;225;139;x;x
2628;223;220;103;x;x
2629;188;206;131;x;x
2630;227;131;223;x;x
2631;250;254;247;x;x
2632;185;179;203;x;x
2633;218;135;150;x;x
2634;250;184;147;x;x
2635;247;228;43;x;x
2636;61;207;240;x;x
2637;148;142;241;x;x
2638;146;189;220;x;x
2639;150;184;242;x;x
2640;213;184;251;x;x
2641;154;143;236;x;x
2642;131;224;214;x;x
2643;254;143;123;x;x
2644;101;252;171;x;x
2645;68;248;200;x;x
2646;183;206;200;x;x
2647;193;232;144;x;x
2648;200;129;178;x;x
2649;199;238;218;x;x
2650;178;242;146;x;x
2651;251;105;212;x;x
2652;249;195;130;x;x
2653;175;126;243;x;x
2654;247;252;76;x;x
2655;215;251;155;x;x
2656;189;197;240;x;x
2657;250;132;239;x;x
2658;211;132;234;x;x
2659;131;217;221;x;x
2660;186;96;252;x;x
2661;168;164;180;x;x
2662;204;86;239;x;x
2663;183;73;253;x;x
2664;251;163;200;x;x
2665;192;200;147;x;x
2666;239;196;69;x;x
2667;224;209;108;x;x
2668;224;197;248;x;x
2669;158;160;223;x;x
2670;227;74;200;x;x
2671;79;247;241;x;x
2672;209;168;144;x;x
2673;231;85;253;x;x
2674;160;233;165;x;x
2675;238;214;228;x;x
2676;204;245;174;x;x
2677;226;247;53;x;x
2678;203;221;154;x;x
2679;221;103;220;x;x
2680;170;239;164;x;x
2681;242;199;105;x;x
2682;224;69;241;x;x
2683;125;234;240;x;x
2684;226;140;186;x;x
2685;179;211;146;x;x
2686;233;248;150;x;x
2687;201;103;228;x;x
2688;178;132;201;x;x
2689;162;191;221;x;x
2690;238;155;241;x;x
2691;229;174;251;x;x
2692;157;195;240;x;x
2693;152;231;181;x;x
2694;208;228;86;x;x
2695;155;199;185;x;x
2696;222;174;153;x;x
2697;118;198;210;x;x
2698;193;211;111;x;x
2699;142;247;229;x;x
2700;208;247;224;x;x
2701;212;120;227;x;x
2702;76;225;254;x;x
2703;225;221;148;x;x
2704;172;212;194;x;x
2705;246;225;244;x;x
2706;164;161;234;x;x
2707;231;101;240;x;x
2708;119;240;173;x;x
2709;214;247;154;x;x
2710;170;171;172;x;x
2711;199;172;183;x;x
2712;209;242;67;x;x
2713;211;108;247;x;x
2714;184;235;217;x;x
2715;181;244;139;x;x
2716;196;243;246;x;x
2717;120;218;171;x;x
2718;252;251;206;x;x
2719;166;189;216;x;x
2720;243;244;195;x;x
2721;201;168;159;x;x
2722;162;140;227;x;x
2723;140;156;247;x;x
2724;199;226;116;x;x
2725;165;178;185;x;x
2726;248;110;172;x;x
2727;221;92;246;x;x
2728;228;92;228;x;x
2729;221;252;229;x;x
2730;211;195;228;x;x
2731;200;251;170;x;x
2732;254;124;245;x;x
2733;240;243;152;x;x
2734;98;248;179;x;x
2735;238;224;69;x;x
2736;225;211;250;x;x
2737;166;141;228;x;x
2738;209;202;174;x;x
2739;215;145;222;x;x
2740;173;104;245;x;x
2741;249;205;142;x;x
2742;216;219;156;x;x
2743;205;199;254;x;x
2744;154;249;250;x;x
2745;139;217;199;x;x
2746;154;172;228;x;x
2747;231;234;208;x;x
2748;249;85;214;x;x
2749;151;251;215;x;x
2750;206;235;240;x;x
2751;228;229;106;x;x
2752;195;125;201;x;x
2753;125;190;248;x;x
2754;127;219;206;x;x
2755;245;171;138;x;x
2756;109;149;252;x;x
2757;197;184;205;x;x
2758;129;242;171;x;x
2759;167;178;192;x;x
2760;156;197;168;x;x
2761;240;25;245;x;x
2762;166;182;194;x;x
2763;129;254;232;x;x
2764;124;236;145;x;x
2765;210;244;91;x;x
2766;202;209;249;x;x
2767;101;248;203;x;x
2768;234;166;148;x;x
2769;156;139;240;x;x
2770;161;199;165;x;x
2771;197;254;212;x;x
2772;178;128;233;x;x
2773;190;237;205;x;x
2774;232;254;200;x;x
2775;154;220;246;x;x
2776;225;165;168;x;x
2777;245;192;185;x;x
2778;202;240;124;x;x
2779;111;254;140;x;x
2780;144;233;178;x;x
2781;179;177;213;x;x
2782;201;116;251;x;x
2783;120;243;147;x;x
2784;248;191;231;x;x
2785;119;243;192;x;x
2786;108;243;235;x;x
2787;216;246;244;x;x
2788;98;166;248;x;x
2789;251;177;81;x;x
2790;157;220;202;x;x
2791;205;208;195;x;x
2792;217;224;200;x;x
2793;237;223;180;x;x
2794;179;183;207;x;x
2795;254;108;140;x;x
2796;155;215;137;x;x
2797;245;253;28;x;x
2798;158;236;186;x;x
2799;162;230;111;x;x
2800;185;150;199;x;x
2801;199;180;129;x;x
2802;213;216;116;x;x
2803;225;212;149;x;x
2804;90;227;232;x;x
2805;233;238;61;x;x
2806;242;138;189;x;x
2807;115;207;244;x;x
2808;172;150;233;x;x
2809;214;235;210;x;x
2810;202;160;229;x;x
2811;179;117;235;x;x
2812;230;192;227;x;x
2813;252;68;232;x;x
2814;108;201;246;x;x
2815;205;199;154;x;x
2816;179;153;254;x;x
2817;250;78;184;x;x
2818;154;214;228;x;x
2819;72;202;228;x;x
2820;136;252;220;x;x
2821;185;215;119;x;x
2822;158;142;219;x;x
2823;216;230;206;x;x
2824;185;237;151;x;x
2825;218;239;205;x;x
2826;232;161;234;x;x
2827;216;198;138;x;x
2828;254;186;208;x;x
2829;213;220;93;x;x
2830;182;232;208;x;x
2831;200;73;244;x;x
2832;175;233;107;x;x
2833;173;173;219;x;x
2834;231;143;198;x;x
2835;181;193;207;x;x
2836;248;25;238;x;x
2837;194;206;195;x;x
2838;245;245;200;x;x
2839;243;196;74;x;x
2840;181;144;204;x;x
2841;250;175;173;x;x
2842;171;195;189;x;x
2843;190;114;222;x;x
2844;217;57;237;x;x
2845;183;201;158;x;x
2846;249;173;240;x;x
2847;125;195;190;x;x
2848;223;184;172;x;x
2849;216;219;239;x;x
2850;211;179;213;x;x
2851;116;236;221;x;x
2852;229;201;112;x;x
2853;202;128;201;x;x
2854;196;107;222;x;x
2855;253;128;224;x;x
2856;57;249;202;x;x
2857;59;236;237;x;x
2858;112;192;211;x;x
2859;136;160;205;x;x
2860;230;143;148;x;x
2861;164;116;238;x;x
2862;156;119;250;x;x
2863;233;228;182;x;x
2864;151;150;237;x;x
2865;119;208;177;x;x
2866;170;153;242;x;x
2867;159;253;147;x;x
2868;131;135;248;x;x
2869;198;209;224;x;x
2870;231;146;241;x;x
2871;177;245;215;x;x
2872;173;123;215;x;x
2873;247;254;9;x;x
2874;201;140;220;x;x
2875;165;237;194;x;x
2876;217;235;73;x;x
2877;249;54;240;x;x
2878;246;99;199;x;x
2879;214;163;195;x;x
2880;181;240;92;x;x
2881;165;117;246;x;x
2882;124;232;248;x;x
2883;249;187;203;x;x
2884;194;98;244;x;x
2885;253;246;127;x;x
2886;182;232;171;x;x
2887;228;81;230;x;x
2888;161;220;124;x;x
2889;224;241;222;x;x
2890;196;225;85;x;x
2891;227;143;223;x;x
2892;217;160;143;x;x
2893;212;203;106;x;x
2894;200;208;248;x;x
2895;186;215;148;x;x
2896;246;48;233;x;x
2897;207;122;194;x;x
2898;234;223;49;x;x
2899;147;116;254;x;x
2900;236;126;167;x;x
2901;200;212;247;x;x
2902;245;146;179;x;x
2903;218;240;116;x;x
2904;202;170;236;x;x
2905;248;178;114;x;x
2906;194;195;164;x;x
2907;188;182;194;x;x
2908;136;165;247;x;x
2909;231;207;115;x;x
2910;212;250;217;x;x
2911;244;229;81;x;x
2912;198;227;134;x;x
2913;206;95;248;x;x
2914;77;235;235;x;x
2915;227;229;56;x;x
2916;114;193;212;x;x
2917;94;219;208;x;x
2918;180;148;238;x;x
2919;150;183;247;x;x
2920;115;137;253;x;x
2921;128;159;245;x;x
2922;169;218;172;x;x
2923;113;212;192;x;x
2924;190;191;134;x;x
2925;226;242;144;x;x
2926;58;236;223;x;x
2927;145;224;138;x;x
2928;193;200;179;x;x
2929;137;167;223;x;x
2930;246;147;108;x;x
2931;167;178;159;x;x
2932;135;251;238;x;x
2933;190;208;223;x;x
2934;249;157;107;x;x
2935;243;120;249;x;x
2936;199;211;222;x;x
2937;248;214;235;x;x
2938;252;129;234;x;x
2939;251;105;163;x;x
2940;152;134;241;x;x
2941;153;254;158;x;x
2942;214;155;183;x;x
2943;235;176;105;x;x
2944;227;195;153;x;x
2945;228;229;205;x;x
2946;199;113;252;x;x
2947;201;229;232;x;x
2948;178;139;189;x;x
2949;135;193;201;x;x
2950;236;175;97;x;x
2951;194;200;107;x;x
2952;195;138;169;x;x
2953;188;94;249;x;x
2954;216;227;211;x;x
2955;220;125;234;x;x
2956;215;79;221;x;x
2957;126;182;223;x;x
2958;223;133;150;x;x
2959;169;151;212;x;x
2960;213;170;132;x;x
2961;243;179;138;x;x
2962;239;129;252;x;x
2963;234;92;247;x;x
2964;253;160;212;x;x
2965;193;251;188;x;x
2966;202;222;79;x;x
2967;242;226;115;x;x
2968;190;229;228;x;x
2969;203;229;182;x;x
2970;140;201;233;x;x
2971;181;249;72;x;x
2972;239;210;58;x;x
2973;228;214;175;x;x
2974;215;169;202;x;x
2975;254;65;204;x;x
2976;136;232;141;x;x
2977;178;181;203;x;x
2978;221;221;94;x;x
2979;164;235;128;x;x
2980;242;130;213;x;x
2981;249;250;214;x;x
2982;149;227;152;x;x
2983;185;158;230;x;x
2984;241;29;238;x;x
2985;154;170;237;x;x
2986;193;190;215;x;x
2987;179;229;213;x;x
2988;203;199;101;x;x
2989;226;247;174;x;x
2990;208;185;186;x;x
2991;177;174;179;x;x
2992;187;178;190;x;x
2993;216;225;137;x;x
2994;223;101;211;x;x
2995;149;209;210;x;x
2996;148;213;243;x;x
2997;182;194;202;x;x
2998;115;250;147;x;x
2999;215;174;252;x;x
3000;175;159;195;x;x
3001;157;237;237;x;x
3002;246;149;233;x;x
3003;234;123;190;x;x
3004;216;175;190;x;x
3005;192;254;100;x;x
3006;203;164;179;x;x
3007;146;216;173;x;x
3008;226;228;134;x;x
3009;199;183;121;x;x
3010;217;110;214;x;x
3011;233;158;186;x;x
3012;160;248;125;x;x
3013;171;231;156;x;x
3014;185;142;218;x;x
3015;244;83;228;x;x
3016;64;222;252;x;x
3017;221;90;229;x;x
3018;149;124;231;x;x
3019;206;183;198;x;x
3020;242;33;239;x;x
3021;194;130;208;x;x
3022;192;190;139;x;x
3023;239;66;239;x;x
3024;247;238;110;x;x
3025;205;252;78;x;x
3026;172;166;246;x;x
3027;227;73;211;x;x
3028;236;78;203;x;x
3029;241;207;88;x;x
3030;250;63;253;x;x
3031;251;171;197;x;x
3032;254;179;237;x;x
3033;111;188;237;x;x
3034;195;167;147;x;x
3035;188;242;92;x;x
3036;205;243;69;x;x
3037;241;148;225;x;x
3038;254;226;21;x;x
3039;70;247;222;x;x
3040;194;188;197;x;x
3041;107;203;227;x;x
3042;93;211;215;x;x
3043;63;245;234;x;x
3044;174;133;198;x;x
3045;223;223;161;x;x
3046;151;227;220;x;x
3047;252;196;100;x;x
3048;158;253;162;x;x
3049;250;239;174;x;x
3050;214;212;217;x;x
3051;245;231;81;x;x
3052;184;180;192;x;x
3053;132;250;172;x;x
3054;173;233;229;x;x
3055;86;203;221;x;x
3056;220;56;254;x;x
3057;138;217;154;x;x
3058;241;180;170;x;x
3059;106;159;249;x;x
3060;205;204;120;x;x
3061;163;249;211;x;x
3062;183;243;139;x;x
3063;123;189;206;x;x
3064;233;232;243;x;x
3065;251;248;173;x;x
3066;240;119;171;x;x
3067;119;232;156;x;x
3068;218;231;100;x;x
3069;109;193;244;x;x
3070;187;167;211;x;x
3071;222;119;225;x;x
3072;192;159;246;x;x
3073;190;230;118;x;x
3074;235;122;195;x;x
3075;199;159;168;x;x
3076;227;132;237;x;x
3077;210;114;214;x;x
3078;132;227;229;x;x
3079;243;182;191;x;x
3080;51;228;249;x;x
3081;107;188;240;x;x
3082;170;236;254;x;x
3083;249;97;208;x;x
3084;157;243;205;x;x
3085;77;254;185;x;x
3086;207;228;79;x;x
3087;240;251;119;x;x
3088;124;220;165;x;x
3089;251;65;194;x;x
3090;112;153;252;x;x
3091;223;232;94;x;x
3092;202;95;252;x;x
3093;163;151;192;x;x
3094;242;148;112;x;x
3095;200;141;176;x;x
3096;224;113;198;x;x
3097;213;215;245;x;x
3098;214;185;138;x;x
3099;206;254;154;x;x
3100;82;237;216;x;x
3101;167;130;205;x;x
3102;185;248;122;x;x
3103;172;198;169;x;x
3104;98;236;224;x;x
3105;230;165;220;x;x
3106;159;159;215;x;x
3107;225;148;137;x;x
3108;48;224;243;x;x
3109;177;234;91;x;x
3110;100;242;231;x;x
3111;225;198;137;x;x
3112;180;236;188;x;x
3113;228;106;192;x;x
3114;227;214;252;x;x
3115;221;166;150;x;x
3116;131;200;225;x;x
3117;190;251;134;x;x
3118;149;207;211;x;x
3119;189;217;221;x;x
3120;208;201;251;x;x
3121;186;223;189;x;x
3122;193;110;229;x;x
3123;200;232;143;x;x
3124;197;226;154;x;x
3125;135;246;122;x;x
3126;182;212;167;x;x
3127;108;216;222;x;x
3128;155;188;222;x;x
3129;215;139;230;x;x
3130;219;226;184;x;x
3131;224;254;51;x;x
3132;207;54;246;x;x
3133;240;30;243;x;x
3134;241;213;250;x;x
3135;171;191;205;x;x
3136;251;131;160;x;x
3137;251;236;99;x;x
3138;253;182;191;x;x
3139;201;179;236;x;x
3140;244;183;199;x;x
3141;209;177;128;x;x
3142;183;224;244;x;x
3143;204;187;198;x;x
3144;216;251;181;x;x
3145;188;135;208;x;x
3146;91;209;206;x;x
3147;103;190;249;x;x
3148;150;241;185;x;x
3149;249;230;57;x;x
3150;88;206;220;x;x
3151;122;218;183;x;x
3152;249;247;8;x;x
3153;215;140;204;x;x
3154;233;187;253;x;x
3155;96;211;205;x;x
3156;187;167;148;x;x
3157;245;124;189;x;x
3158;205;187;192;x;x
3159;204;136;200;x;x
3160;236;195;115;x;x
3161;225;174;250;x;x
3162;106;181;236;x;x
3163;245;230;62;x;x
3164;242;205;62;x;x
3165;159;126;223;x;x
3166;226;233;93;x;x
3167;229;98;250;x;x
3168;239;94;216;x;x
3169;193;222;141;x;x
3170;210;111;213;x;x
3171;187;170;224;x;x
3172;175;251;254;x;x
3173;215;191;183;x;x
3174;205;142;211;x;x
3175;212;234;206;x;x
3176;94;217;194;x;x
3177;117;175;214;x;x
3178;211;240;241;x;x
3179;235;141;125;x;x
3180;245;182;200;x;x
3181;241;151;206;x;x
3182;188;208;122;x;x
3183;204;240;219;x;x
3184;221;195;173;x;x
3185;207;242;180;x;x
3186;82;214;220;x;x
3187;189;208;112;x;x
3188;187;254;102;x;x
3189;251;247;116;x;x
3190;193;91;228;x;x
3191;188;186;151;x;x
3192;95;240;181;x;x
3193;178;245;97;x;x
3194;245;187;191;x;x
3195;236;197;167;x;x
3196;175;145;243;x;x
3197;131;253;231;x;x
3198;242;63;247;x;x
3199;189;206;228;x;x
3200;69;226;233;x;x
3201;182;236;162;x;x
3202;166;203;170;x;x
3203;240;206;205;x;x
3204;226;138;181;x;x
3205;118;151;252;x;x
3206;93;253;181;x;x
3207;239;134;130;x;x
3208;199;119;196;x;x
3209;237;91;199;x;x
3210;221;122;225;x;x
3211;120;223;159;x;x
3212;157;232;193;x;x
3213;123;220;205;x;x
3214;208;57;250;x;x
3215;209;207;111;x;x
3216;200;179;187;x;x
3217;165;167;210;x;x
3218;240;129;174;x;x
3219;248;212;247;x;x
3220;61;217;223;x;x
3221;70;232;216;x;x
3222;112;223;222;x;x
3223;149;254;182;x;x
3224;205;151;218;x;x
3225;108;248;238;x;x
3226;179;122;238;x;x
3227;185;153;214;x;x
3228;229;79;245;x;x
3229;128;180;235;x;x
3230;246;214;42;x;x
3231;236;233;94;x;x
3232;198;217;159;x;x
3233;199;115;209;x;x
3234;131;158;226;x;x
3235;240;150;215;x;x
3236;160;226;193;x;x
3237;135;213;250;x;x
3238;195;187;172;x;x
3239;123;219;182;x;x
3240;189;187;215;x;x
3241;218;200;234;x;x
3242;96;200;223;x;x
3243;213;248;164;x;x
3244;223;234;199;x;x
3245;138;161;220;x;x
3246;191;221;136;x;x
3247;254;166;183;x;x
3248;184;250;80;x;x
3249;181;246;144;x;x
3250;231;147;201;x;x
3251;202;114;189;x;x
3252;214;163;172;x;x
3253;242;236;199;x;x
3254;199;220;138;x;x
3255;143;179;196;x;x
3256;217;171;118;x;x
3257;5;5;5;x;x
